<annotation>
	<folder>Hello</folder>
	<filename>Hello.2317dd9f-7bd2-11ee-b724-aa7ea33f1264.jpg</filename>
	<path>C:\Users\prana\Desktop\Sign-Language-Generation-From-Video-using-YOLOV5-master\Collected Images\Hello\Hello.2317dd9f-7bd2-11ee-b724-aa7ea33f1264.jpg</path>
	<source>
		<database>Unknown</database>
	</source>
	<size>
		<width>640</width>
		<height>480</height>
		<depth>3</depth>
	</size>
	<segmented>0</segmented>
	<object>
		<name>Hello</name>
		<pose>Unspecified</pose>
		<truncated>0</truncated>
		<difficult>0</difficult>
		<bndbox>
			<xmin>108</xmin>
			<ymin>219</ymin>
			<xmax>260</xmax>
			<ymax>363</ymax>
		</bndbox>
	</object>
</annotation>
