<annotation>
	<folder>IloveYou</folder>
	<filename>IloveYou.dec720dc-7bd2-11ee-ad66-aa7ea33f1264.jpg</filename>
	<path>C:\Users\prana\Desktop\Sign-Language-Generation-From-Video-using-YOLOV5-master\Collected Images\IloveYou\IloveYou.dec720dc-7bd2-11ee-ad66-aa7ea33f1264.jpg</path>
	<source>
		<database>Unknown</database>
	</source>
	<size>
		<width>640</width>
		<height>480</height>
		<depth>3</depth>
	</size>
	<segmented>0</segmented>
	<object>
		<name>I love you</name>
		<pose>Unspecified</pose>
		<truncated>0</truncated>
		<difficult>0</difficult>
		<bndbox>
			<xmin>238</xmin>
			<ymin>232</ymin>
			<xmax>321</xmax>
			<ymax>304</ymax>
		</bndbox>
	</object>
</annotation>
