<annotation>
	<folder>IloveYou</folder>
	<filename>IloveYou.f6d4bc48-7bd2-11ee-ba7b-aa7ea33f1264.jpg</filename>
	<path>C:\Users\prana\Desktop\Sign-Language-Generation-From-Video-using-YOLOV5-master\Collected Images\IloveYou\IloveYou.f6d4bc48-7bd2-11ee-ba7b-aa7ea33f1264.jpg</path>
	<source>
		<database>Unknown</database>
	</source>
	<size>
		<width>640</width>
		<height>480</height>
		<depth>3</depth>
	</size>
	<segmented>0</segmented>
	<object>
		<name>I love you</name>
		<pose>Unspecified</pose>
		<truncated>0</truncated>
		<difficult>0</difficult>
		<bndbox>
			<xmin>214</xmin>
			<ymin>254</ymin>
			<xmax>307</xmax>
			<ymax>365</ymax>
		</bndbox>
	</object>
</annotation>
