<annotation>
	<folder>No</folder>
	<filename>No.45e6cfae-7bd2-11ee-a1fa-aa7ea33f1264.jpg</filename>
	<path>C:\Users\prana\Desktop\Sign-Language-Generation-From-Video-using-YOLOV5-master\Collected Images\No\No.45e6cfae-7bd2-11ee-a1fa-aa7ea33f1264.jpg</path>
	<source>
		<database>Unknown</database>
	</source>
	<size>
		<width>640</width>
		<height>480</height>
		<depth>3</depth>
	</size>
	<segmented>0</segmented>
	<object>
		<name>No</name>
		<pose>Unspecified</pose>
		<truncated>1</truncated>
		<difficult>0</difficult>
		<bndbox>
			<xmin>7</xmin>
			<ymin>67</ymin>
			<xmax>574</xmax>
			<ymax>480</ymax>
		</bndbox>
	</object>
</annotation>
