<annotation>
	<folder>No</folder>
	<filename>No.57ee1ec5-7bd2-11ee-b773-aa7ea33f1264.jpg</filename>
	<path>C:\Users\prana\Desktop\Sign-Language-Generation-From-Video-using-YOLOV5-master\Collected Images\No\No.57ee1ec5-7bd2-11ee-b773-aa7ea33f1264.jpg</path>
	<source>
		<database>Unknown</database>
	</source>
	<size>
		<width>640</width>
		<height>480</height>
		<depth>3</depth>
	</size>
	<segmented>0</segmented>
	<object>
		<name>No</name>
		<pose>Unspecified</pose>
		<truncated>0</truncated>
		<difficult>0</difficult>
		<bndbox>
			<xmin>339</xmin>
			<ymin>191</ymin>
			<xmax>445</xmax>
			<ymax>264</ymax>
		</bndbox>
	</object>
</annotation>
