<annotation>
	<folder>No</folder>
	<filename>No.69f4e32f-7bd2-11ee-8859-aa7ea33f1264.jpg</filename>
	<path>C:\Users\prana\Desktop\Sign-Language-Generation-From-Video-using-YOLOV5-master\Collected Images\No\No.69f4e32f-7bd2-11ee-8859-aa7ea33f1264.jpg</path>
	<source>
		<database>Unknown</database>
	</source>
	<size>
		<width>640</width>
		<height>480</height>
		<depth>3</depth>
	</size>
	<segmented>0</segmented>
	<object>
		<name>No</name>
		<pose>Unspecified</pose>
		<truncated>0</truncated>
		<difficult>0</difficult>
		<bndbox>
			<xmin>227</xmin>
			<ymin>232</ymin>
			<xmax>335</xmax>
			<ymax>319</ymax>
		</bndbox>
	</object>
</annotation>
