<annotation>
	<folder>Thanks</folder>
	<filename>Thanks.92cfdabf-7bd2-11ee-bfb3-aa7ea33f1264.jpg</filename>
	<path>C:\Users\prana\Desktop\Sign-Language-Generation-From-Video-using-YOLOV5-master\Collected Images\Thanks\Thanks.92cfdabf-7bd2-11ee-bfb3-aa7ea33f1264.jpg</path>
	<source>
		<database>Unknown</database>
	</source>
	<size>
		<width>640</width>
		<height>480</height>
		<depth>3</depth>
	</size>
	<segmented>0</segmented>
	<object>
		<name>Thanks</name>
		<pose>Unspecified</pose>
		<truncated>0</truncated>
		<difficult>0</difficult>
		<bndbox>
			<xmin>123</xmin>
			<ymin>89</ymin>
			<xmax>506</xmax>
			<ymax>262</ymax>
		</bndbox>
	</object>
</annotation>
