<annotation>
	<folder>Thanks</folder>
	<filename>Thanks.77cd4bcb-7bd2-11ee-a8f4-aa7ea33f1264.jpg</filename>
	<path>C:\Users\prana\Desktop\Sign-Language-Generation-From-Video-using-YOLOV5-master\Collected Images\Thanks\Thanks.77cd4bcb-7bd2-11ee-a8f4-aa7ea33f1264.jpg</path>
	<source>
		<database>Unknown</database>
	</source>
	<size>
		<width>640</width>
		<height>480</height>
		<depth>3</depth>
	</size>
	<segmented>0</segmented>
	<object>
		<name>Thanks</name>
		<pose>Unspecified</pose>
		<truncated>0</truncated>
		<difficult>0</difficult>
		<bndbox>
			<xmin>193</xmin>
			<ymin>292</ymin>
			<xmax>442</xmax>
			<ymax>421</ymax>
		</bndbox>
	</object>
</annotation>
