<annotation>
	<folder>Yes</folder>
	<filename>Yes.b8babcd2-7bd2-11ee-9d04-aa7ea33f1264.jpg</filename>
	<path>C:\Users\prana\Desktop\Sign-Language-Generation-From-Video-using-YOLOV5-master\Collected Images\Yes\Yes.b8babcd2-7bd2-11ee-9d04-aa7ea33f1264.jpg</path>
	<source>
		<database>Unknown</database>
	</source>
	<size>
		<width>640</width>
		<height>480</height>
		<depth>3</depth>
	</size>
	<segmented>0</segmented>
	<object>
		<name>Yes</name>
		<pose>Unspecified</pose>
		<truncated>0</truncated>
		<difficult>0</difficult>
		<bndbox>
			<xmin>253</xmin>
			<ymin>246</ymin>
			<xmax>373</xmax>
			<ymax>352</ymax>
		</bndbox>
	</object>
</annotation>
